opp_week,opp_TEAM,opp_OPP,opp_opp_points,opp_first_downs,opp_total_yds,opp_passing_yds,opp_rushing_yds,opp_penalty_cnt,opp_penalty_yds,opp_turnovers,opp_punt_cnt,opp_punt_yds,opp_punt_avg,opp_pos_time
1,ARI,STL,27,20,366,299,67,7,59,2,3,147,42,1715
2,ARI,DET,21,16,322,273,49,8,101,1,5,261,50,1721
3,ARI,NO,31,27,423,319,104,4,30,1,4,198,46,2131
4,ARI,TB,10,20,253,173,80,8,73,3,8,322,35,2045
5,ARI,CAR,6,21,353,258,95,9,79,4,4,195,39,1864
6,ARI,SF,32,20,387,238,149,4,35,2,6,288,42,2059
7,ARI,SEA,34,21,344,209,135,10,70,2,3,124,41,1660
8,ARI,ATL,13,20,292,265,27,10,55,4,4,183,47,2059
10,ARI,HOU,24,17,235,159,76,7,53,1,7,412,48,1732
11,ARI,JAC,14,14,274,242,32,6,40,2,8,382,45,1447
12,ARI,IND,11,15,239,159,80,6,89,1,5,223,40,1391
13,ARI,PHI,24,23,307,202,105,5,48,0,8,358,44,1766
14,ARI,STL,10,14,257,157,100,11,90,2,5,257,43,1493
15,ARI,TEN,34,32,460,394,66,3,16,3,3,145,48,2024
16,ARI,SEA,10,10,192,89,103,9,102,2,9,335,37,1356
17,ARI,SF,23,19,375,292,83,4,20,0,6,258,39,1660
1,ATL,NO,23,18,419,341,78,6,57,1,3,148,42,2111
2,ATL,STL,24,24,421,352,69,7,53,1,6,298,49,1783
3,ATL,MIA,27,16,285,195,90,2,13,2,3,159,52,1371
4,ATL,NE,30,21,448,316,132,9,93,0,2,110,42,1839
5,ATL,NYJ,30,15,288,170,118,6,24,0,3,140,39,1473
7,ATL,TB,23,23,337,226,111,11,103,1,5,188,34,2269
8,ATL,ARI,27,17,348,147,201,8,52,1,5,232,37,1541
9,ATL,CAR,34,27,373,242,131,2,15,2,3,128,37,2185
10,ATL,SEA,33,25,490,279,211,9,80,0,2,82,31,2130
11,ATL,TB,41,24,410,224,186,11,121,0,4,168,33,1994
12,ATL,NO,17,19,374,271,103,5,66,0,4,198,42,1574
13,ATL,BUF,31,18,405,210,195,6,49,2,7,299,39,1491
14,ATL,GB,22,20,334,222,112,2,10,2,3,142,45,2012
15,ATL,WAS,26,22,476,373,103,9,66,7,3,160,45,1568
16,ATL,SF,34,20,379,180,199,7,45,0,3,156,34,1772
17,ATL,CAR,21,16,283,149,134,4,38,2,6,292,40,1534
1,BAL,DEN,49,24,510,445,65,8,61,2,7,319,41,1572
2,BAL,CLE,6,13,259,194,65,5,33,0,8,336,32,1765
3,BAL,HOU,9,18,264,170,94,14,113,1,5,252,32,1836
4,BAL,BUF,23,19,350,147,203,11,99,3,8,346,37,2186
5,BAL,MIA,23,10,294,272,22,4,65,0,8,420,46,1424
6,BAL,GB,19,15,438,298,140,8,55,2,6,329,42,1882
7,BAL,PIT,19,17,286,145,141,7,50,1,1,36,24,1861
9,BAL,CLE,24,19,315,242,73,6,55,1,7,337,35,1850
10,BAL,CIN,17,21,364,244,120,9,134,3,6,223,34,2278
11,BAL,CHI,23,18,319,215,104,13,111,0,6,232,38,1838
12,BAL,NYJ,3,12,220,118,102,6,56,3,8,411,38,1555
13,BAL,PIT,20,22,329,257,72,4,51,0,4,174,39,1804
14,BAL,MIN,26,15,379,265,114,6,90,1,9,397,37,1668
15,BAL,DET,16,19,349,230,119,8,89,3,5,230,37,1945
16,BAL,NE,41,21,300,158,142,7,58,0,7,334,40,1918
17,BAL,CIN,34,21,392,281,111,10,76,4,3,108,35,2037
1,BUF,NE,23,26,431,273,158,4,36,3,6,236,36,2263
2,BUF,CAR,23,25,308,183,125,3,30,1,5,257,44,2021
3,BUF,NYJ,27,20,513,331,182,20,168,2,7,294,41,2053
4,BUF,BAL,20,15,345,321,24,8,59,5,7,331,42,1414
5,BUF,CLE,37,19,290,199,91,6,66,0,6,276,40,1943
6,BUF,CIN,27,26,483,318,165,8,78,1,5,206,39,2572
7,BUF,MIA,21,19,293,173,120,4,32,3,6,282,45,1788
8,BUF,NO,35,21,386,309,77,8,59,0,4,187,41,1950
9,BUF,KC,23,15,210,115,95,5,38,0,6,317,45,1786
10,BUF,PIT,23,19,300,164,136,6,42,1,5,195,36,2116
11,BUF,NYJ,14,12,267,133,134,4,24,4,6,284,41,1578
13,BUF,ATL,34,26,423,272,151,8,75,1,7,278,36,2289
14,BUF,TB,27,13,246,81,165,8,76,2,8,357,38,1910
15,BUF,JAC,20,22,354,195,159,6,80,4,3,136,44,1645
16,BUF,MIA,0,6,103,89,14,6,37,2,10,501,46,1409
17,BUF,NE,34,24,382,115,267,4,31,1,3,137,39,1967
1,CAR,SEA,12,18,370,300,70,9,109,1,4,198,47,1814
2,CAR,BUF,24,24,436,287,149,7,55,2,3,134,38,1579
3,CAR,NYG,0,10,150,90,60,6,45,3,6,245,39,1393
5,CAR,ARI,22,19,250,160,90,3,30,3,4,199,48,1736
6,CAR,MIN,10,17,290,215,75,5,55,2,4,199,44,1413
7,CAR,STL,15,15,317,254,63,8,68,3,4,159,40,1600
8,CAR,TB,13,19,297,249,48,3,21,1,5,215,42,1527
9,CAR,ATL,10,12,289,211,78,7,59,4,5,225,40,1415
10,CAR,SF,9,10,151,46,105,4,25,2,7,341,39,1677
11,CAR,NE,20,28,390,283,107,5,50,2,1,34,34,1846
12,CAR,MIA,16,13,332,280,52,6,55,1,6,291,38,1788
13,CAR,TB,6,10,206,140,66,4,30,2,4,190,41,1535
14,CAR,NO,31,24,373,304,69,5,45,0,4,177,36,1653
15,CAR,NYJ,20,19,297,140,157,3,20,1,4,132,26,1619
16,CAR,NO,13,20,365,239,126,4,40,2,7,340,43,2328
17,CAR,ATL,20,20,307,231,76,5,56,1,5,242,42,2066
1,CHI,CIN,21,18,340,277,63,8,84,3,4,193,48,1710
2,CHI,MIN,30,19,350,227,123,3,25,3,3,170,50,1766
3,CHI,PIT,23,21,459,379,80,6,59,5,2,59,30,1704
4,CHI,DET,40,23,387,228,159,3,25,3,3,150,38,1909
5,CHI,NO,26,17,347,281,66,2,10,0,4,195,40,2160
6,CHI,NYG,21,21,355,232,123,4,31,3,3,139,40,1625
7,CHI,WAS,45,28,499,290,209,5,47,1,5,218,27,2036
9,CHI,GB,20,17,312,113,199,0,0,1,6,250,38,1611
10,CHI,DET,21,21,364,219,145,5,51,1,4,178,41,1705
11,CHI,BAL,20,23,317,143,174,5,46,2,4,177,39,2141
12,CHI,STL,42,20,406,148,258,6,39,0,2,97,49,1431
13,CHI,MIN,23,28,496,250,246,6,60,1,6,264,43,2349
14,CHI,DAL,28,24,328,130,198,4,50,0,3,112,31,1396
15,CHI,CLE,31,20,366,273,93,9,90,2,5,211,38,1512
16,CHI,PHI,54,28,514,225,289,2,15,1,2,88,44,1820
17,CHI,GB,33,25,473,313,160,1,15,2,2,80,16,2109
1,CIN,CHI,24,17,323,242,81,4,59,1,5,232,40,1890
2,CIN,PIT,10,14,278,234,44,3,29,2,7,326,43,1466
3,CIN,GB,30,27,399,217,182,4,55,4,3,130,43,1911
4,CIN,CLE,17,18,336,247,89,5,80,0,5,214,40,1865
5,CIN,NE,6,15,248,166,82,0,0,2,8,353,42,1544
6,CIN,BUF,24,20,322,192,130,4,27,1,5,244,42,1524
7,CIN,DET,24,22,434,357,77,4,30,0,4,173,41,2071
8,CIN,NYJ,9,15,240,147,93,4,69,2,5,248,46,1997
9,CIN,MIA,22,15,345,188,157,2,25,1,8,391,43,1700
10,CIN,BAL,20,18,189,104,85,8,65,3,8,355,37,1895
11,CIN,CLE,20,15,330,228,102,5,40,4,7,231,24,1944
13,CIN,SD,10,19,334,243,91,5,45,3,4,157,38,1820
14,CIN,IND,28,21,389,326,63,6,47,0,7,333,37,1335
15,CIN,PIT,30,19,290,184,106,4,25,1,3,115,38,1896
16,CIN,MIN,14,10,209,94,115,5,40,4,5,197,34,1228
17,CIN,BAL,17,17,222,175,47,6,56,3,6,285,42,1563
1,CLE,MIA,23,18,275,255,20,10,77,1,5,269,48,1967
2,CLE,BAL,14,19,296,197,99,3,41,1,6,291,45,1835
3,CLE,MIN,27,21,329,195,134,4,35,3,7,325,44,1868
4,CLE,CIN,6,16,266,203,63,3,25,2,4,155,37,1735
5,CLE,BUF,24,20,343,188,155,7,56,1,8,364,23,1657
6,CLE,DET,31,24,366,248,118,8,65,1,5,229,48,2009
7,CLE,GB,31,26,357,253,104,10,97,0,3,90,30,2000
8,CLE,KC,23,20,331,195,136,5,31,0,5,240,44,2165
9,CLE,BAL,18,18,278,223,55,9,80,2,7,298,35,1750
11,CLE,CIN,41,10,224,118,106,8,64,2,9,408,40,1656
12,CLE,PIT,27,19,302,217,85,2,8,0,7,258,33,2019
13,CLE,JAC,32,22,314,202,112,5,35,1,7,306,34,1835
14,CLE,NE,27,30,484,397,87,6,41,2,5,200,40,1700
15,CLE,CHI,38,24,472,261,211,7,40,3,3,110,37,2088
16,CLE,NYJ,24,25,422,214,208,6,35,0,3,138,33,1952
17,CLE,PIT,20,17,292,172,120,2,15,2,4,167,32,1817
1,DAL,NYG,31,21,478,428,50,6,52,6,3,164,42,1370
2,DAL,KC,17,19,313,199,114,10,45,0,7,307,38,1693
3,DAL,STL,7,17,232,197,35,5,41,1,5,238,44,1592
4,DAL,SD,30,27,506,394,112,7,85,1,4,159,30,2043
5,DAL,DEN,51,34,517,414,103,5,55,2,0,0,0,1954
6,DAL,WAS,16,25,433,217,216,12,97,2,3,141,11,2072
7,DAL,PHI,3,19,278,194,84,5,33,3,9,419,42,1427
8,DAL,DET,31,29,623,480,143,8,61,4,4,203,40,2111
9,DAL,MIN,23,22,393,224,169,4,35,2,3,113,36,1887
10,DAL,NO,49,40,625,383,242,6,44,1,1,33,33,2372
12,DAL,NYG,21,22,356,154,202,11,81,1,5,273,52,1839
13,DAL,OAK,24,16,305,255,50,10,71,2,5,265,44,1661
14,DAL,CHI,45,33,490,341,149,2,15,0,0,0,0,2204
15,DAL,GB,37,26,434,283,151,7,59,1,4,197,43,1679
16,DAL,WAS,23,17,297,197,100,8,44,1,3,131,23,2027
17,DAL,PHI,24,21,366,229,137,6,50,1,5,237,44,1783
1,DEN,BAL,27,24,393,335,58,7,53,2,10,456,36,2028
2,DEN,NYG,23,28,376,353,23,4,16,4,5,231,22,1918
3,DEN,OAK,21,13,342,293,49,8,77,0,6,315,44,1476
4,DEN,PHI,20,21,450,284,166,8,62,0,5,191,25,1598
5,DEN,DAL,48,24,522,470,52,9,81,2,1,51,42,1646
6,DEN,JAC,19,20,362,291,71,7,62,2,3,135,45,1875
7,DEN,IND,39,19,334,213,121,6,52,1,9,440,47,1907
8,DEN,WAS,21,22,266,154,112,1,5,5,7,274,38,1680
10,DEN,SD,20,20,329,198,131,6,40,0,5,238,46,2283
11,DEN,KC,17,24,344,200,144,9,53,1,7,358,40,1807
12,DEN,NE,34,27,440,324,116,5,36,3,6,267,39,2046
13,DEN,KC,28,27,452,293,159,9,102,1,5,229,45,1916
14,DEN,TEN,28,15,254,158,96,8,66,2,4,201,44,1240
15,DEN,SD,27,24,337,160,177,4,35,0,3,126,42,2329
16,DEN,HOU,13,14,240,153,87,4,57,2,8,359,42,1867
17,DEN,OAK,14,17,255,191,64,2,10,1,5,229,42,1471
1,DET,MIN,24,16,330,225,105,5,52,4,5,211,35,1421
2,DET,ARI,25,24,348,261,87,7,40,1,5,214,42,1879
3,DET,WAS,20,27,420,300,120,6,45,2,5,231,44,1872
4,DET,CHI,32,18,417,286,131,4,30,4,5,201,29,1691
5,DET,GB,22,16,449,269,180,10,72,0,3,141,34,1939
6,DET,CLE,17,23,395,269,126,9,87,2,6,284,44,1591
7,DET,CIN,27,18,421,364,57,6,50,0,4,189,47,1529
8,DET,DAL,30,13,266,204,62,2,31,0,7,313,38,1489
10,DET,CHI,19,19,338,300,38,5,39,1,5,213,43,1895
11,DET,PIT,37,24,398,358,40,4,23,0,5,219,40,1935
12,DET,TB,24,10,229,207,22,9,67,0,5,218,35,1598
13,DET,GB,10,7,126,102,24,3,25,3,6,287,40,1174
14,DET,PHI,34,23,478,179,299,1,5,1,6,249,30,1887
15,DET,BAL,18,18,305,215,90,7,60,0,5,240,43,1655
16,DET,NYG,23,15,279,238,41,5,30,2,6,279,38,1783
17,DET,MIN,14,19,345,171,174,4,25,2,6,244,39,1643
1,GB,SF,34,23,494,404,90,11,85,0,5,236,38,2315
2,GB,WAS,20,18,422,314,108,7,78,1,5,184,35,1651
3,GB,CIN,34,19,297,215,82,5,43,4,3,131,44,1689
5,GB,DET,9,19,286,222,64,7,50,0,6,311,43,1661
6,GB,BAL,17,15,360,313,47,6,40,1,9,375,32,1718
7,GB,CLE,13,17,216,133,83,12,106,1,3,133,32,1600
8,GB,MIN,31,15,243,132,111,7,46,0,4,186,23,1146
9,GB,CHI,27,25,442,271,171,4,45,0,6,210,28,1989
10,GB,PHI,27,19,415,211,204,5,65,1,2,77,38,1536
11,GB,NYG,27,19,334,256,78,3,30,1,5,265,42,2114
12,GB,MIN,26,28,447,215,232,5,53,1,6,257,42,2433
13,GB,DET,40,30,561,320,241,5,50,4,1,33,33,2426
14,GB,ATL,21,18,285,202,83,3,15,2,4,178,42,1588
15,GB,DAL,36,27,466,332,134,7,79,2,2,103,29,1903
16,GB,PIT,38,21,343,192,151,7,58,2,5,178,32,1600
17,GB,CHI,28,17,345,224,121,5,40,2,4,137,29,1491
1,HOU,SD,28,14,263,183,80,7,55,1,6,287,44,1409
2,HOU,TEN,24,14,248,129,119,9,70,0,8,382,47,1874
3,HOU,BAL,30,16,236,161,75,10,87,0,4,194,44,1764
4,HOU,SEA,23,15,270,91,179,9,62,2,6,278,43,1908
5,HOU,SF,34,17,284,107,177,3,17,0,4,195,44,1568
6,HOU,STL,38,15,216,117,99,9,74,0,3,135,43,1490
7,HOU,KC,17,20,357,231,126,5,24,2,4,174,42,1932
9,HOU,IND,27,17,314,245,69,3,15,0,5,222,41,1428
10,HOU,ARI,27,19,332,235,97,5,29,3,5,219,41,1868
11,HOU,OAK,28,12,341,176,165,8,77,0,11,540,38,1891
12,HOU,JAC,13,16,333,215,118,7,63,0,6,259,33,2021
13,HOU,NE,34,28,453,365,88,0,0,1,3,132,35,2025
14,HOU,JAC,27,18,281,132,149,8,57,0,8,341,38,1478
15,HOU,IND,25,19,331,179,152,4,36,1,6,258,35,1991
16,HOU,DEN,37,25,511,397,114,8,67,0,6,292,37,1733
17,HOU,TEN,16,17,311,160,151,7,76,1,6,253,42,1935
1,IND,OAK,17,20,372,201,171,8,51,2,2,101,29,1967
2,IND,MIA,24,21,398,297,101,0,0,1,5,208,38,1766
3,IND,SF,7,14,254,139,115,6,48,2,7,305,38,1415
4,IND,JAC,3,14,205,165,40,9,65,3,6,290,45,1402
5,IND,SEA,28,21,423,205,218,7,85,2,2,77,39,1882
6,IND,SD,19,24,374,227,147,5,25,0,3,145,45,2311
7,IND,DEN,33,23,429,365,64,12,103,3,7,331,42,1693
9,IND,HOU,24,22,483,340,143,5,86,0,4,164,33,2172
10,IND,STL,38,12,372,232,140,8,46,1,5,242,43,1838
11,IND,TEN,27,20,340,218,122,4,34,1,3,117,34,1657
12,IND,ARI,40,27,410,290,120,9,84,0,2,72,36,2209
13,IND,TEN,14,24,347,185,162,6,74,4,6,222,32,2035
14,IND,CIN,42,28,430,275,155,7,60,0,5,253,43,2265
15,IND,HOU,3,12,239,132,107,14,114,2,8,396,36,1609
16,IND,KC,7,18,287,132,155,7,65,4,5,270,48,1300
17,IND,JAC,10,19,350,308,42,5,50,2,5,230,45,1580
1,KC,JAC,2,12,178,107,71,5,30,2,11,556,42,1710
2,KC,DAL,16,20,318,281,37,5,27,2,4,200,40,1907
3,KC,PHI,16,21,431,171,260,6,45,5,4,148,34,1253
4,KC,NYG,7,11,298,200,98,7,65,3,8,399,31,1444
5,KC,TEN,17,19,339,234,105,6,35,3,6,272,39,1723
6,KC,OAK,7,18,274,149,125,11,68,3,8,414,45,2040
7,KC,HOU,16,14,294,221,73,4,40,1,5,249,43,1668
8,KC,CLE,17,13,340,283,57,9,70,1,6,280,40,1435
9,KC,BUF,13,25,470,229,241,6,48,3,3,108,36,1814
11,KC,DEN,27,24,427,323,104,13,82,1,6,275,40,1793
12,KC,SD,41,24,491,387,104,9,97,0,5,200,33,1857
13,KC,DEN,35,25,535,403,132,10,75,2,3,132,44,1684
14,KC,WAS,10,13,257,192,65,4,27,2,8,338,20,1550
15,KC,OAK,31,26,461,331,130,10,90,7,1,48,39,2047
16,KC,IND,23,19,367,232,135,3,31,0,4,201,45,2300
17,KC,SD,27,19,405,219,186,4,22,1,5,232,40,2228
1,SD,HOU,31,26,449,329,120,7,73,1,3,135,43,2191
2,SD,PHI,30,22,511,422,89,9,82,1,3,134,43,1183
3,SD,TEN,20,23,452,282,170,11,116,0,3,140,44,1898
4,SD,DAL,21,21,317,225,92,5,33,1,5,203,34,1557
5,SD,OAK,27,17,299,195,104,8,85,0,6,297,43,1745
6,SD,IND,9,12,267,193,74,5,28,1,5,203,41,1289
7,SD,JAC,6,18,353,275,78,6,45,1,3,150,40,1350
9,SD,WAS,30,27,500,291,209,7,65,1,3,123,41,2403
10,SD,DEN,28,22,397,313,84,3,28,1,5,233,43,1317
11,SD,MIA,20,21,343,239,104,3,15,1,4,209,41,1716
12,SD,KC,38,26,395,281,114,7,62,2,4,178,43,1743
13,SD,CIN,17,19,354,190,164,3,30,2,4,222,56,1780
14,SD,NYG,14,18,333,241,92,7,72,3,3,141,46,1384
15,SD,DEN,20,19,295,277,18,6,43,1,4,186,44,1271
16,SD,OAK,13,14,265,206,59,12,73,2,5,271,47,1518
17,SD,KC,24,22,332,189,143,1,5,0,5,229,41,2076
1,MIA,CLE,10,20,291,244,47,9,57,3,5,225,44,1633
2,MIA,IND,20,23,448,315,133,3,13,1,4,206,42,1834
3,MIA,ATL,23,24,377,231,146,7,59,2,2,66,33,2229
4,MIA,NO,38,23,465,397,68,6,45,1,3,142,46,2029
5,MIA,BAL,26,20,384,251,133,6,64,2,5,171,32,2176
7,MIA,BUF,23,15,268,178,90,6,53,1,7,318,41,1812
8,MIA,NE,27,19,252,100,152,5,35,1,5,217,38,1501
9,MIA,CIN,20,28,465,302,163,3,63,4,4,154,39,2402
10,MIA,TB,22,18,264,124,140,9,70,1,5,212,36,2088
11,MIA,SD,16,22,435,281,154,10,76,1,4,174,39,1884
12,MIA,CAR,20,20,295,159,136,8,56,1,7,397,47,1812
13,MIA,NYJ,3,10,177,78,99,4,25,3,7,316,40,1268
14,MIA,PIT,28,13,293,220,73,5,34,1,4,143,30,1427
15,MIA,NE,20,29,453,357,96,1,2,1,3,146,46,1882
16,MIA,BUF,19,18,390,187,203,4,31,1,6,218,33,2191
17,MIA,NYJ,20,22,374,220,154,5,36,0,5,210,37,1944
1,MIN,DET,34,28,469,352,117,11,88,2,4,152,37,2179
2,MIN,CHI,31,24,411,282,129,4,35,4,3,111,37,1834
3,MIN,CLE,31,23,409,306,103,5,47,4,5,234,46,1732
4,MIN,PIT,27,29,434,357,77,4,50,2,4,143,36,2187
6,MIN,CAR,35,22,367,236,131,6,40,0,3,99,33,2187
7,MIN,NYG,23,17,257,193,64,5,72,1,9,438,33,2182
8,MIN,GB,44,26,464,282,182,6,120,0,0,0,0,2454
9,MIN,DAL,27,20,350,314,36,5,45,1,5,222,37,1713
10,MIN,WAS,27,27,433,242,191,8,63,0,3,135,34,2161
11,MIN,SEA,41,16,323,230,93,7,96,0,5,208,42,1551
12,MIN,GB,26,30,494,298,196,7,50,0,8,326,41,2067
13,MIN,CHI,20,20,480,345,135,6,51,1,7,249,34,2048
14,MIN,BAL,29,23,325,228,97,5,45,3,6,328,46,1932
15,MIN,PHI,30,25,475,396,79,9,94,1,4,165,38,1414
16,MIN,CIN,42,24,429,348,81,6,55,1,4,160,35,2372
17,MIN,DET,13,14,245,182,63,6,52,0,7,355,37,1957
1,NE,BUF,21,15,286,150,136,10,75,2,9,412,40,1337
2,NE,NYJ,10,15,318,189,129,7,66,4,9,401,37,2040
3,NE,TB,3,18,323,226,97,4,48,1,3,149,40,1619
4,NE,ATL,23,26,457,399,58,6,55,1,3,137,46,1761
5,NE,CIN,13,21,341,179,162,7,59,2,6,275,39,2056
6,NE,NO,27,20,361,230,131,7,56,2,6,268,43,1689
7,NE,NYJ,30,27,383,206,177,9,45,1,6,241,31,2773
8,NE,MIA,17,23,301,145,156,7,61,3,4,161,37,2099
9,NE,PIT,31,24,479,371,108,8,96,3,3,140,32,1872
11,NE,CAR,24,20,300,197,103,7,47,0,2,87,37,1754
12,NE,DEN,31,28,412,132,280,9,85,4,8,325,36,2338
13,NE,HOU,31,19,385,264,121,2,25,1,3,134,41,1574
14,NE,CLE,26,24,494,386,108,7,75,0,6,259,42,1900
15,NE,MIA,24,20,378,289,89,4,21,1,4,189,47,1718
16,NE,BAL,7,19,358,237,121,9,83,4,4,212,45,1682
17,NE,BUF,20,19,393,224,169,6,54,0,4,169,41,1633
1,NO,ATL,17,18,367,279,88,2,19,2,6,281,42,1489
2,NO,TB,14,14,273,113,160,10,118,2,6,243,41,1644
3,NO,ARI,7,16,247,161,86,3,18,2,8,326,32,1469
4,NO,MIA,17,19,331,216,115,5,25,4,4,208,36,1571
5,NO,CHI,18,20,434,340,94,6,43,1,4,181,45,1440
6,NO,NE,30,26,376,235,141,4,33,1,4,210,48,1911
8,NO,BUF,17,20,299,211,88,6,45,3,3,137,46,1650
9,NO,NYJ,26,14,338,140,198,8,62,0,5,222,44,1828
10,NO,DAL,17,9,193,104,89,11,82,0,8,403,48,1228
11,NO,SF,20,12,196,115,81,5,45,1,7,346,49,1521
12,NO,ATL,13,22,355,264,91,3,25,1,3,136,45,2026
13,NO,SEA,34,23,429,302,127,8,66,0,3,120,40,2018
14,NO,CAR,13,16,239,111,128,5,35,0,5,227,42,1947
15,NO,STL,27,17,302,158,144,4,30,0,4,167,42,1668
16,NO,CAR,17,10,222,141,81,3,26,1,8,406,47,1272
17,NO,TB,17,18,290,215,75,8,78,1,5,240,48,1548
1,NYG,DAL,36,22,331,244,87,5,40,1,6,275,43,2230
2,NYG,DEN,41,23,416,307,109,13,132,1,5,210,39,1682
3,NYG,CAR,38,27,402,208,194,4,32,2,2,97,39,2207
4,NYG,KC,31,21,390,288,102,7,62,3,5,223,38,2156
5,NYG,PHI,36,28,439,299,140,8,88,0,6,287,43,1927
6,NYG,CHI,27,26,372,262,110,5,51,0,3,110,37,1975
7,NYG,MIN,7,13,206,176,30,3,38,3,7,312,38,1418
8,NYG,PHI,7,15,201,153,48,4,48,3,6,266,43,1315
10,NYG,OAK,20,12,213,106,107,8,65,2,6,254,32,1678
11,NYG,GB,13,16,394,339,55,5,38,3,4,180,37,1486
12,NYG,DAL,24,24,327,220,107,11,85,1,7,313,40,1761
13,NYG,WAS,17,18,322,183,139,8,55,1,7,285,38,1895
14,NYG,SD,37,25,388,244,144,6,30,1,1,39,39,2216
15,NYG,SEA,23,21,327,193,134,8,50,1,7,289,38,2038
16,NYG,DET,20,24,355,207,148,7,60,3,6,270,41,2265
17,NYG,WAS,6,12,251,160,91,3,30,4,9,364,39,1701
1,NYJ,TB,17,12,250,185,65,13,102,1,7,326,45,1658
2,NYJ,NE,13,9,232,178,54,3,30,0,11,514,43,1560
3,NYJ,BUF,20,18,328,208,120,7,87,0,7,357,40,1547
4,NYJ,TEN,38,17,322,244,78,4,30,0,7,293,41,1838
5,NYJ,ATL,28,26,363,299,64,4,46,1,3,99,18,2127
6,NYJ,PIT,19,16,328,255,73,7,49,0,6,273,38,2149
7,NYJ,NE,27,21,295,205,90,7,100,1,8,404,38,1420
8,NYJ,CIN,49,20,402,323,79,4,45,1,3,161,50,1603
9,NYJ,NO,20,23,407,366,41,9,59,2,2,82,41,1772
11,NYJ,BUF,37,14,313,245,68,8,64,0,6,200,31,2022
12,NYJ,BAL,19,15,312,245,67,5,41,1,6,273,38,2045
13,NYJ,MIA,23,25,453,328,125,3,28,1,3,128,41,2332
14,NYJ,OAK,27,19,383,233,150,4,31,1,3,85,16,1834
15,NYJ,CAR,30,21,392,261,131,6,59,0,2,92,46,1981
16,NYJ,CLE,13,19,283,168,115,3,24,2,3,148,49,1648
17,NYJ,MIA,7,18,296,204,92,5,38,3,5,244,35,1656
1,OAK,IND,21,18,274,147,127,3,31,0,3,117,37,1633
2,OAK,JAC,9,15,248,214,34,10,70,0,8,349,40,1692
3,OAK,DEN,37,31,534,372,162,5,40,2,1,37,37,2124
4,OAK,WAS,24,15,339,217,122,3,29,1,8,280,28,1658
5,OAK,SD,17,27,423,391,32,5,30,5,2,77,39,1855
6,OAK,KC,24,16,216,105,111,4,20,1,8,392,42,1560
8,OAK,PIT,18,20,276,241,35,3,12,2,7,299,35,1799
9,OAK,PHI,49,21,542,414,128,7,52,0,6,259,43,1326
10,OAK,NYG,24,19,251,118,133,1,5,3,4,121,31,1922
11,OAK,HOU,23,14,394,304,90,9,50,2,9,442,41,1709
12,OAK,TEN,23,22,426,312,114,10,100,0,5,163,24,2148
13,OAK,DAL,31,23,352,208,144,6,40,1,5,238,39,1939
14,OAK,NYJ,37,18,352,209,143,4,36,1,2,85,33,1766
15,OAK,KC,56,19,384,306,78,8,91,1,4,198,43,1553
16,OAK,SD,26,24,344,196,148,3,24,3,1,37,37,2082
17,OAK,DEN,34,28,458,334,124,6,56,0,4,120,20,2129
1,PHI,WAS,27,25,382,308,74,10,75,3,3,126,42,1641
2,PHI,SD,33,33,539,413,126,4,32,2,1,40,40,2417
3,PHI,KC,26,19,395,248,147,9,65,0,5,218,41,2347
4,PHI,DEN,52,35,472,331,141,2,25,0,2,92,36,2002
5,PHI,NYG,21,21,383,330,53,12,136,4,7,338,42,1673
6,PHI,TB,20,19,351,257,94,8,72,1,5,230,43,2026
7,PHI,DAL,17,22,368,294,74,12,75,2,9,347,38,2173
8,PHI,NYG,15,16,325,237,88,11,92,1,5,219,41,2285
9,PHI,OAK,20,29,560,350,210,8,70,2,7,315,37,2274
10,PHI,GB,13,23,396,297,99,5,31,2,2,96,48,2064
11,PHI,WAS,16,23,427,236,191,4,39,2,6,223,36,2022
13,PHI,ARI,21,24,350,260,90,6,55,3,5,231,44,1834
14,PHI,DET,20,11,228,148,80,9,48,3,6,236,37,1713
15,PHI,MIN,48,29,455,370,85,3,25,1,2,97,48,2186
16,PHI,CHI,11,18,257,196,61,2,10,2,6,227,38,1780
17,PHI,DAL,22,21,417,358,59,1,5,3,3,111,29,1817
1,PIT,TEN,16,17,229,117,112,6,60,0,5,208,41,2041
2,PIT,CIN,20,22,407,280,127,9,84,0,7,326,38,2134
3,PIT,CHI,40,15,258,151,107,3,25,0,6,282,46,1896
4,PIT,MIN,34,16,393,248,145,5,89,0,4,167,41,1413
6,PIT,NYJ,6,18,267,184,83,5,60,2,7,312,40,1451
7,PIT,BAL,16,19,287,205,82,9,67,0,3,126,29,1739
8,PIT,OAK,21,13,278,81,197,6,39,3,8,372,38,1801
9,PIT,NE,55,33,610,413,197,3,30,1,2,101,29,1728
10,PIT,BUF,10,16,227,132,95,4,28,1,9,332,24,1484
11,PIT,DET,27,21,451,344,107,8,45,3,3,152,45,1665
12,PIT,CLE,11,19,367,312,55,2,10,4,5,195,35,1581
13,PIT,BAL,22,16,312,237,75,9,55,0,1,26,26,1796
14,PIT,MIA,34,15,259,145,114,4,31,1,3,142,45,1277
15,PIT,CIN,20,19,279,222,57,6,50,1,4,166,22,1704
16,PIT,GB,31,26,370,219,151,9,90,2,5,208,33,2000
17,PIT,CLE,7,15,293,214,79,3,30,2,5,192,30,1783
1,SEA,CAR,7,16,243,119,124,4,46,2,5,239,38,1786
2,SEA,SF,3,12,207,107,100,12,121,5,4,196,36,1397
3,SEA,JAC,17,17,265,214,51,4,45,3,7,299,38,1645
4,SEA,HOU,20,29,476,325,151,6,86,3,7,317,34,2393
5,SEA,IND,34,20,317,208,109,3,35,2,3,93,20,1718
6,SEA,TEN,13,13,223,157,66,7,44,2,4,140,31,1598
7,SEA,ARI,22,22,234,204,30,3,22,2,4,197,39,1940
8,SEA,STL,9,23,339,139,200,8,53,2,4,182,43,2289
9,SEA,TB,24,24,350,145,205,8,99,0,6,268,26,2197
10,SEA,ATL,10,16,226,162,64,1,15,1,5,267,42,1470
11,SEA,MIN,20,19,336,204,132,4,20,4,3,127,37,2049
13,SEA,NO,7,12,188,144,44,7,52,1,6,294,46,1582
14,SEA,SF,19,19,318,155,163,7,70,1,4,199,38,1948
15,SEA,NYG,0,12,181,156,25,5,38,5,8,380,38,1562
16,SEA,ARI,17,16,307,168,139,7,46,4,5,244,39,2244
17,SEA,STL,9,11,158,145,13,12,87,2,7,337,48,1580
1,SF,GB,28,23,385,322,63,5,44,2,6,277,45,1285
2,SF,SEA,29,19,290,118,172,10,84,1,5,170,28,2203
3,SF,IND,27,23,336,157,179,1,10,0,4,192,45,2185
4,SF,STL,11,14,188,170,18,8,82,2,11,490,43,1695
5,SF,HOU,3,17,313,182,131,7,52,4,3,151,41,2032
6,SF,ARI,20,16,403,294,109,6,38,4,5,218,42,1541
7,SF,TEN,17,15,368,298,70,10,100,2,6,263,44,1454
8,SF,JAC,10,20,318,228,90,6,76,1,4,178,39,1891
10,SF,CAR,10,15,250,139,111,3,25,2,7,320,38,1923
11,SF,NO,23,23,387,295,92,4,48,3,3,154,44,2079
12,SF,WAS,6,10,190,90,100,4,30,1,7,315,35,1714
13,SF,STL,13,19,312,198,114,11,105,1,5,244,48,1616
14,SF,SEA,17,13,264,178,86,9,85,1,6,186,27,1652
15,SF,TB,14,13,183,144,39,4,32,2,7,334,40,1210
16,SF,ATL,24,25,402,341,61,5,37,2,5,244,41,1828
17,SF,ARI,20,19,482,399,83,3,30,2,3,148,34,1940
1,STL,ARI,24,25,390,304,86,6,68,2,4,187,42,1885
2,STL,ATL,31,19,393,357,36,7,53,0,6,318,52,1817
3,STL,DAL,31,21,396,203,193,6,72,1,4,195,40,2008
4,STL,SF,35,19,370,151,219,10,85,2,7,383,52,1905
5,STL,JAC,20,16,363,267,96,4,45,3,5,241,45,1481
6,STL,HOU,13,27,420,267,153,7,95,4,2,78,29,2110
7,STL,CAR,30,21,282,180,102,7,59,0,3,154,43,2000
8,STL,SEA,14,7,135,91,44,10,83,0,9,403,44,1311
9,STL,TEN,28,22,363,165,198,3,30,2,5,228,35,1629
10,STL,IND,8,21,406,388,18,2,20,5,6,298,26,1762
12,STL,CHI,21,30,424,344,80,10,84,3,3,121,40,2169
13,STL,SF,23,20,338,255,83,9,85,1,4,191,45,1984
14,STL,ARI,30,25,369,262,107,6,31,1,4,189,42,2107
15,STL,NO,16,30,432,371,61,8,77,3,2,107,50,1932
16,STL,TB,13,14,170,111,59,3,26,2,4,186,38,1554
17,STL,SEA,27,20,269,158,111,7,65,0,6,318,44,2020
1,TB,NYJ,18,22,304,214,90,6,45,2,7,339,38,1942
2,TB,NO,16,21,371,296,75,5,35,2,4,175,44,1956
3,TB,NE,23,21,358,202,156,6,50,1,3,128,39,1981
4,TB,ARI,13,17,296,240,56,10,90,3,7,320,43,1555
6,TB,PHI,31,21,425,287,138,3,31,1,5,249,41,1574
7,TB,ATL,31,15,291,273,18,9,101,1,4,192,41,1331
8,TB,CAR,31,21,324,195,129,6,59,0,5,216,42,2073
9,TB,SEA,27,26,415,217,198,6,67,3,2,85,43,1812
10,TB,MIA,19,16,213,211,2,4,70,1,5,257,37,1512
11,TB,ATL,28,24,420,268,152,7,45,3,2,24,8,1606
12,TB,DET,21,25,390,286,104,5,39,5,4,151,26,2002
13,TB,CAR,27,20,426,263,163,3,25,2,3,138,46,2065
14,TB,BUF,6,14,214,147,67,11,114,5,7,306,41,1690
15,TB,SF,33,22,376,189,187,8,62,0,4,173,36,2390
16,TB,STL,23,18,277,148,129,7,85,2,2,88,44,2046
17,TB,NO,42,21,468,370,98,9,94,0,4,161,35,2052
1,TEN,PIT,9,14,195,163,32,4,47,2,7,309,36,1559
2,TEN,HOU,30,25,452,280,172,5,40,2,7,338,43,1994
3,TEN,SD,17,19,277,175,102,5,45,1,5,212,41,1702
4,TEN,NYJ,13,16,330,239,91,10,66,4,5,245,42,1762
5,TEN,KC,26,20,353,233,120,9,61,2,6,225,35,1877
6,TEN,SEA,20,24,404,253,151,6,65,2,3,146,35,2002
7,TEN,SF,31,19,349,196,153,5,42,0,6,280,44,2146
9,TEN,STL,21,21,363,203,160,6,44,2,5,242,47,1971
10,TEN,JAC,29,13,214,160,54,4,19,2,7,304,38,1764
11,TEN,IND,30,24,366,229,137,5,51,0,3,111,29,1943
12,TEN,OAK,19,19,353,260,93,4,50,2,2,95,48,1452
13,TEN,IND,22,18,264,160,104,7,50,1,5,227,37,1565
14,TEN,DEN,51,39,551,397,154,7,60,0,2,65,33,2360
15,TEN,ARI,37,24,360,215,145,9,69,0,4,212,44,1858
16,TEN,JAC,16,15,289,226,63,4,15,1,4,182,46,1461
17,TEN,HOU,10,19,288,223,65,5,55,4,5,229,42,1665
1,WAS,PHI,33,26,445,180,265,8,65,2,6,254,37,1959
2,WAS,GB,38,28,580,441,139,4,40,1,3,121,37,1949
3,WAS,DET,27,24,441,378,63,8,71,1,6,315,41,1728
4,WAS,OAK,14,14,298,194,104,4,25,2,7,314,40,1942
6,WAS,DAL,31,18,213,165,48,7,80,1,5,226,43,1528
7,WAS,CHI,41,21,359,219,140,5,30,1,3,147,49,1564
8,WAS,DEN,45,29,446,339,107,6,57,4,3,147,37,1920
9,WAS,SD,24,25,410,341,69,7,63,2,4,160,39,1558
10,WAS,MIN,34,22,307,216,91,1,7,1,1,50,50,1439
11,WAS,PHI,24,22,402,276,126,9,68,0,6,304,51,1578
12,WAS,SF,27,15,304,228,76,4,25,1,4,196,41,1886
13,WAS,NYG,24,16,287,206,81,1,1,1,6,287,42,1705
14,WAS,KC,45,20,347,154,193,3,30,1,3,113,24,2050
15,WAS,ATL,27,19,243,189,54,7,71,2,6,296,47,2032
16,WAS,DAL,24,16,309,214,95,6,42,2,3,155,40,1573
17,WAS,NYG,20,14,278,156,122,3,20,3,8,352,41,1899
1,STL,ARI,24,25,390,304,86,6,68,2,4,187,42,1885
2,STL,ATL,31,19,393,357,36,7,53,0,6,318,52,1817
3,STL,DAL,31,21,396,203,193,6,72,1,4,195,40,2008
4,STL,SF,35,19,370,151,219,10,85,2,7,383,52,1905
5,STL,JAC,20,16,363,267,96,4,45,3,5,241,45,1481
6,STL,HOU,13,27,420,267,153,7,95,4,2,78,29,2110
7,STL,CAR,30,21,282,180,102,7,59,0,3,154,43,2000
8,STL,SEA,14,7,135,91,44,10,83,0,9,403,44,1311
9,STL,TEN,28,22,363,165,198,3,30,2,5,228,35,1629
10,STL,IND,8,21,406,388,18,2,20,5,6,298,26,1762
12,STL,CHI,21,30,424,344,80,10,84,3,3,121,40,2169
13,STL,SF,23,20,338,255,83,9,85,1,4,191,45,1984
14,STL,ARI,30,25,369,262,107,6,31,1,4,189,42,2107
15,STL,NO,16,30,432,371,61,8,77,3,2,107,50,1932
16,STL,TB,13,14,170,111,59,3,26,2,4,186,38,1554
17,STL,SEA,27,20,269,158,111,7,65,0,6,318,44,2020
1,JAC,KC,28,17,291,171,120,3,20,0,10,363,29,1890
2,JAC,OAK,19,16,340,114,226,5,30,1,4,192,42,1908
3,JAC,SEA,45,28,479,323,156,4,24,2,4,140,36,1955
4,JAC,IND,37,26,437,283,154,7,58,1,3,138,36,2198
5,JAC,STL,34,22,351,208,143,6,53,0,7,286,40,2119
6,JAC,DEN,35,26,407,295,112,4,31,3,3,129,42,1725
7,JAC,SD,24,27,434,276,158,8,61,0,3,134,45,2250
8,JAC,SF,42,25,398,177,221,4,35,1,1,61,45,1709
10,JAC,TEN,27,19,362,279,83,6,45,4,5,219,43,1836
11,JAC,ARI,27,19,416,402,14,5,42,0,8,358,39,2153
12,JAC,HOU,6,11,218,141,77,2,22,1,7,314,43,1579
13,JAC,CLE,28,24,439,342,97,9,50,3,4,158,35,1765
14,JAC,HOU,20,23,406,323,83,14,177,2,5,219,39,2122
15,JAC,BUF,27,25,366,168,198,7,67,2,4,180,43,1955
16,JAC,TEN,20,22,346,164,182,1,4,1,3,140,39,2139
17,JAC,IND,30,23,379,299,80,2,10,0,5,237,43,2020
1,SD,HOU,31,26,449,329,120,7,73,1,3,135,43,2191
2,SD,PHI,30,22,511,422,89,9,82,1,3,134,43,1183
3,SD,TEN,20,23,452,282,170,11,116,0,3,140,44,1898
4,SD,DAL,21,21,317,225,92,5,33,1,5,203,34,1557
5,SD,OAK,27,17,299,195,104,8,85,0,6,297,43,1745
6,SD,IND,9,12,267,193,74,5,28,1,5,203,41,1289
7,SD,JAC,6,18,353,275,78,6,45,1,3,150,40,1350
9,SD,WAS,30,27,500,291,209,7,65,1,3,123,41,2403
10,SD,DEN,28,22,397,313,84,3,28,1,5,233,43,1317
11,SD,MIA,20,21,343,239,104,3,15,1,4,209,41,1716
12,SD,KC,38,26,395,281,114,7,62,2,4,178,43,1743
13,SD,CIN,17,19,354,190,164,3,30,2,4,222,56,1780
14,SD,NYG,14,18,333,241,92,7,72,3,3,141,46,1384
15,SD,DEN,20,19,295,277,18,6,43,1,4,186,44,1271
16,SD,OAK,13,14,265,206,59,12,73,2,5,271,47,1518
17,SD,KC,24,22,332,189,143,1,5,0,5,229,41,2076
